<?xml version="1.0" encoding="UTF-8"?>
<project-private xmlns="http://www.netbeans.org/ns/project-private/1">
    <editor-bookmarks xmlns="http://www.netbeans.org/ns/editor-bookmarks/2" lastBookmarkId="0"/>
    <open-files xmlns="http://www.netbeans.org/ns/projectui-open-files/2">
        <group>
            <file>file:/C:/SEM%204/PRAK%20PBO/responsi2/src/view/LoginPage.java</file>
            <file>file:/C:/SEM%204/PRAK%20PBO/responsi2/src/connector/connection.java</file>
            <file>file:/C:/SEM%204/PRAK%20PBO/responsi2/src/view/RenterPage.java</file>
            <file>file:/C:/SEM%204/PRAK%20PBO/responsi2/src/view/AdminPage.java</file>
        </group>
    </open-files>
</project-private>
